index;name;gender;age;profession;home_situation;fitness;symptoms;survival_eerste_hulp;std_survival_eerste_hulp;survival_huis;std_survival_huis;survival_ziekenboeg;std_survival_ziekenboeg;survival_IC;std_survival_IC;opnameduur_eerste_hulp;std_opnameduur_eerste_hulp;opnameduur_huis;std_opnameduur_huis;opnameduur_ziekenboeg;std_opnameduur_ziekenboeg;opnameduur_IC;std_opnameduur_IC;remaining_life_years;description;image
503;Valentijn;Man;81;Gepensioneerde, beroep was Glazenwasser;Weduwe;Laag;Zeer hoog;0.2757192446532945;0.12103431381660812;0.08731638260202662;0.09510492257757482;0.39104700242592383;0.2831053314446369;0.6948361359209241;0.11276817721015159;9.3;8.509406559801920;15.3;3.224608503369050;87.8;1.373577809954710;52.0;27.741665415039500;-6.5;Valentijn is ;patients/guidelines_video_dss/foto_valentijn.jpg
535;Melvin;Man;26;Software engineer;Alleenwonend;Gemiddeld;Gemiddeld;0.22290133909276183;0.09242087311747497;0.2091998072906896;0.1214815793977985;0.47916365094110824;0.29322120450837263;0.8331992483846197;0.15102046931188137;82.2;8.732330731253820;33.2;300.892007205243;572.6;1.476547472992310;24.0;10.972693379476100;-3.0
505;Francisca;Vrouw;94;Gepensioneerde, beroep was Bedrijfsdirecteur;Weduwe;Laag;Mild;0.1675374810105848;0.08073268321540232;0.22887630959766767;0.20826099668025552;0.26236775747834196;0.18808461073829108;0.8741014950027438;0.12103674469935201;62.3;8.142241706065960;22.2;4.4;141.4;11.922935880059000;17.6;8.027452896155790;-1.95
518;Benthe;Vrouw;77;Gepensioneerde, beroep was Lopende band medewerker;Weduwe;Zeer hoog;Zeer mild;0.6383125181902649;0.23957370115476262;0.4872380882608289;0.32097699393532686;0.7301564768830746;0.14706695673140116;0.7102146903865156;0.17970230500251527;262.4;5.064237751132930;254.4;4.464654969871690;6.3;19.000000000000000;2.5;0.5;0.39999999999999947
