index;name;gender;age;profession;home_situation;fitness;symptoms;survival_eerste_hulp;std_survival_eerste_hulp;survival_huis;std_survival_huis;survival_ziekenboeg;std_survival_ziekenboeg;survival_IC;std_survival_IC;opnameduur_eerste_hulp;std_opnameduur_eerste_hulp;opnameduur_huis;std_opnameduur_huis;opnameduur_ziekenboeg;std_opnameduur_ziekenboeg;opnameduur_IC;std_opnameduur_IC;remaining_life_years;description;image
444;Quinn;Man;20;Kleermaker;Getrouwd;Gemiddeld;Zeer hoog;0.28842494509362926;0.23679009199748396;0.25013292496773765;0.08486794753906717;0.37786521077210955;0.26026034791438724;0.6265800672656048;0.17063605023130818;46.6;8.183300067821050;6.7;4.583666654546330;71.0;8.911677732054720;28.5;6.652067347825030;-10.0
452;Antoine;Man;82;Gepensioneerde, beroep was Advocaat;Weduwe;Laag;Gemiddeld;0.1527270146550231;0.129745916721314;0.22823765355811912;0.13179911347062548;0.3082171484929581;0.19023667957283885;0.8265070037293825;0.09816286826443986;22.7;3.716180835212400;21.5;6.053924347066120;197.5;35.662620487002900;25.4;3.411744421846390;0.35
